"DateTime";"Players"
"2024-08-23 00:00:00";186
"2024-08-24 00:00:00";607
"2024-08-25 00:00:00";420
"2024-08-26 00:00:00";299
"2024-08-27 00:00:00";267
"2024-08-28 00:00:00";241
"2024-08-29 00:00:00";198
"2024-08-30 00:00:00";178
"2024-08-31 00:00:00";151
"2024-09-01 00:00:00";120
"2024-09-02 00:00:00";119
"2024-09-03 00:00:00";132
"2024-09-04 00:00:00";68
"2024-09-05 00:00:00";54
"2024-09-06 00:00:00";52
"2024-09-07 00:00:00";13
"2024-09-08 00:00:00";9
"2024-09-09 00:00:00";11
"2024-09-10 00:00:00";11
"2024-09-11 00:00:00";8
"2024-09-12 00:00:00";5
"2024-09-13 00:00:00";4
"2024-09-14 00:00:00";3
"2024-09-15 00:00:00";3
"2024-09-16 00:00:00";2
"2024-09-17 00:00:00";1
"2024-09-18 00:00:00";2
"2024-09-19 00:00:00";2
"2024-09-20 00:00:00";1
"2024-09-21 00:00:00";2
"2024-09-22 00:00:00";2
"2024-09-23 00:00:00";2
"2024-09-24 00:00:00";3
"2024-09-25 00:00:00";2
"2024-09-26 00:00:00";3
"2024-09-27 00:00:00";3
"2024-09-28 00:00:00";1
"2024-09-29 00:00:00";2
"2024-09-30 00:00:00";2
"2024-10-01 00:00:00";1
"2024-10-02 00:00:00";1
"2024-10-03 00:00:00";2
"2024-10-04 00:00:00";5
"2024-10-05 00:00:00";1
"2024-10-06 00:00:00";1
"2024-10-07 00:00:00";2
"2024-10-08 00:00:00";1
"2024-10-09 00:00:00";1
"2024-10-10 00:00:00";1
"2024-10-11 00:00:00";1
"2024-10-12 00:00:00";1
"2024-10-13 00:00:00";
"2024-10-14 00:00:00";1
"2024-10-15 00:00:00";1
"2024-10-16 00:00:00";2
"2024-10-17 00:00:00";1
"2024-10-18 00:00:00";1
"2024-10-19 00:00:00";2
"2024-10-20 00:00:00";1
"2024-10-21 00:00:00";
"2024-10-22 00:00:00";1
"2024-10-23 00:00:00";
"2024-10-24 00:00:00";1
"2024-10-25 00:00:00";1
"2024-10-26 00:00:00";
"2024-10-27 00:00:00";1
"2024-10-28 00:00:00";1
"2024-10-29 00:00:00";1
"2024-10-30 00:00:00";1
"2024-10-31 00:00:00";1
"2024-11-01 00:00:00";
"2024-11-02 00:00:00";
"2024-11-03 00:00:00";
"2024-11-04 00:00:00";1
"2024-11-05 00:00:00";1
"2024-11-06 00:00:00";
"2024-11-06 01:00:00";
"2024-11-06 02:00:00";
"2024-11-06 03:00:00";
"2024-11-06 04:00:00";
"2024-11-06 05:00:00";
"2024-11-06 06:00:00";
"2024-11-06 07:00:00";
"2024-11-06 08:00:00";
"2024-11-06 09:00:00";
"2024-11-06 10:00:00";
"2024-11-06 11:00:00";
"2024-11-06 12:00:00";
"2024-11-06 13:00:00";
"2024-11-06 14:00:00";
"2024-11-06 15:00:00";
"2024-11-06 16:00:00";
"2024-11-06 17:00:00";
"2024-11-06 18:00:00";
"2024-11-06 19:00:00";
"2024-11-06 20:00:00";
"2024-11-06 21:00:00";
"2024-11-06 22:00:00";
"2024-11-06 23:00:00";
"2024-11-07 00:00:00";
"2024-11-07 01:00:00";
"2024-11-07 02:00:00";
"2024-11-07 03:00:00";
"2024-11-07 04:00:00";
"2024-11-07 05:00:00";
"2024-11-07 06:00:00";
"2024-11-07 07:00:00";
"2024-11-07 08:00:00";
"2024-11-07 09:00:00";
"2024-11-07 10:00:00";
"2024-11-07 11:00:00";
"2024-11-07 12:00:00";
"2024-11-07 13:00:00";
"2024-11-07 14:00:00";
"2024-11-07 15:00:00";
"2024-11-07 16:00:00";
"2024-11-07 17:00:00";
"2024-11-07 18:00:00";
"2024-11-07 19:00:00";
"2024-11-07 20:00:00";
"2024-11-07 21:00:00";
"2024-11-07 22:00:00";
"2024-11-07 23:00:00";
"2024-11-08 00:00:00";
"2024-11-08 01:00:00";
"2024-11-08 02:00:00";
"2024-11-08 03:00:00";
"2024-11-08 04:00:00";
"2024-11-08 05:00:00";
"2024-11-08 06:00:00";
"2024-11-08 07:00:00";
"2024-11-08 08:00:00";
"2024-11-08 09:00:00";
"2024-11-08 10:00:00";
"2024-11-08 11:00:00";
"2024-11-08 12:00:00";
"2024-11-08 13:00:00";
"2024-11-08 14:00:00";
"2024-11-08 15:00:00";
"2024-11-08 16:00:00";
"2024-11-08 17:00:00";
"2024-11-08 18:00:00";
"2024-11-08 19:00:00";
"2024-11-08 20:00:00";
"2024-11-08 21:00:00";
"2024-11-08 22:00:00";
"2024-11-08 23:00:00";
"2024-11-09 00:00:00";
"2024-11-09 01:00:00";
"2024-11-09 02:00:00";
"2024-11-09 03:00:00";1
"2024-11-09 04:00:00";
"2024-11-09 05:00:00";
"2024-11-09 06:00:00";
"2024-11-09 07:00:00";
"2024-11-09 08:00:00";
"2024-11-09 09:00:00";
"2024-11-09 10:00:00";
"2024-11-09 11:00:00";
"2024-11-09 12:00:00";
"2024-11-09 13:00:00";
"2024-11-09 14:00:00";
"2024-11-09 15:00:00";
"2024-11-09 16:00:00";
"2024-11-09 17:00:00";
"2024-11-09 18:00:00";
"2024-11-09 19:00:00";
"2024-11-09 20:00:00";
"2024-11-09 21:00:00";
"2024-11-09 22:00:00";
"2024-11-09 23:00:00";
"2024-11-10 00:00:00";
"2024-11-10 01:00:00";
"2024-11-10 02:00:00";
"2024-11-10 03:00:00";
"2024-11-10 04:00:00";
"2024-11-10 05:00:00";
"2024-11-10 06:00:00";
"2024-11-10 07:00:00";
"2024-11-10 08:00:00";
"2024-11-10 09:00:00";
"2024-11-10 10:00:00";
"2024-11-10 11:00:00";
"2024-11-10 12:00:00";
"2024-11-10 13:00:00";
"2024-11-10 14:00:00";
"2024-11-10 15:00:00";
"2024-11-10 16:00:00";
"2024-11-10 17:00:00";
"2024-11-10 18:00:00";
"2024-11-10 19:00:00";
"2024-11-10 20:00:00";
"2024-11-10 21:00:00";
"2024-11-10 22:00:00";
"2024-11-10 23:00:00";
"2024-11-11 00:00:00";
"2024-11-11 01:00:00";
"2024-11-11 02:00:00";
"2024-11-11 03:00:00";
"2024-11-11 04:00:00";
"2024-11-11 05:00:00";
"2024-11-11 06:00:00";
"2024-11-11 07:00:00";
"2024-11-11 08:00:00";
"2024-11-11 09:00:00";
"2024-11-11 10:00:00";
"2024-11-11 11:00:00";
"2024-11-11 12:00:00";
"2024-11-11 13:00:00";
"2024-11-11 14:00:00";
"2024-11-11 15:00:00";
"2024-11-11 16:00:00";1
"2024-11-11 17:00:00";
"2024-11-11 18:00:00";
"2024-11-11 19:00:00";
"2024-11-11 20:00:00";
"2024-11-11 21:00:00";
"2024-11-11 22:00:00";
"2024-11-11 23:00:00";
"2024-11-12 00:00:00";
"2024-11-12 01:00:00";
"2024-11-12 02:00:00";
"2024-11-12 03:00:00";
"2024-11-12 04:00:00";
"2024-11-12 05:00:00";
"2024-11-12 06:00:00";
"2024-11-12 07:00:00";
"2024-11-12 08:00:00";
"2024-11-12 09:00:00";
"2024-11-12 10:00:00";
"2024-11-12 11:00:00";
"2024-11-12 12:00:00";
"2024-11-12 13:00:00";
"2024-11-12 14:00:00";
"2024-11-12 15:00:00";
"2024-11-12 16:00:00";
"2024-11-12 17:00:00";
"2024-11-12 18:00:00";
"2024-11-12 19:00:00";
"2024-11-12 20:00:00";
"2024-11-12 21:00:00";
"2024-11-12 22:00:00";
"2024-11-12 23:00:00";
"2024-11-13 00:00:00";
"2024-11-13 01:00:00";
"2024-11-13 02:00:00";
"2024-11-13 03:00:00";
"2024-11-13 04:00:00";
"2024-11-13 05:00:00";
"2024-11-13 06:00:00";
"2024-11-13 07:00:00";
"2024-11-13 08:00:00";
"2024-11-13 09:00:00";
"2024-11-13 10:00:00";
"2024-11-13 11:00:00";
"2024-11-13 12:00:00";
"2024-11-13 13:00:00";
"2024-11-13 14:00:00";
"2024-11-13 15:00:00";
"2024-11-13 16:00:00";
"2024-11-13 17:00:00";
"2024-11-13 18:00:00";
"2024-11-13 19:00:00";
"2024-11-13 20:00:00";
"2024-11-13 21:00:00";
"2024-11-13 22:00:00";
"2024-11-13 23:00:00";
"2024-11-14 00:00:00";
"2024-11-14 01:00:00";
"2024-11-14 02:00:00";
"2024-11-14 03:00:00";1
"2024-11-14 04:00:00";1
"2024-11-14 05:00:00";1
"2024-11-14 06:00:00";1
"2024-11-14 07:00:00";1
"2024-11-14 08:00:00";1
"2024-11-14 09:00:00";1
"2024-11-14 10:00:00";1
"2024-11-14 11:00:00";1
"2024-11-14 12:00:00";1
"2024-11-14 13:00:00";1
"2024-11-14 14:00:00";1
"2024-11-14 15:00:00";1
"2024-11-14 16:00:00";1
"2024-11-14 17:00:00";1
"2024-11-14 18:00:00";1
"2024-11-14 19:00:00";
"2024-11-14 20:00:00";
"2024-11-14 21:00:00";1
"2024-11-14 22:00:00";
"2024-11-14 23:00:00";
"2024-11-15 00:00:00";
"2024-11-15 01:00:00";
"2024-11-15 02:00:00";
"2024-11-15 03:00:00";
"2024-11-15 04:00:00";
"2024-11-15 05:00:00";
"2024-11-15 06:00:00";
"2024-11-15 07:00:00";
"2024-11-15 08:00:00";
"2024-11-15 09:00:00";
"2024-11-15 10:00:00";
"2024-11-15 11:00:00";
"2024-11-15 12:00:00";
"2024-11-15 13:00:00";
"2024-11-15 14:00:00";
"2024-11-15 15:00:00";
"2024-11-15 16:00:00";
"2024-11-15 17:00:00";
"2024-11-15 18:00:00";
"2024-11-15 19:00:00";
"2024-11-15 20:00:00";
"2024-11-15 21:00:00";
"2024-11-15 22:00:00";
"2024-11-15 23:00:00";
"2024-11-16 00:00:00";
"2024-11-16 01:00:00";
"2024-11-16 02:00:00";
"2024-11-16 03:00:00";
"2024-11-16 04:00:00";
"2024-11-16 05:00:00";
"2024-11-16 06:00:00";
"2024-11-16 07:00:00";
"2024-11-16 08:00:00";
"2024-11-16 09:00:00";
"2024-11-16 10:00:00";
"2024-11-16 11:00:00";
"2024-11-16 12:00:00";
"2024-11-16 13:00:00";
"2024-11-16 14:00:00";
"2024-11-16 15:00:00";
"2024-11-16 16:00:00";
"2024-11-16 17:00:00";
"2024-11-16 18:00:00";
"2024-11-16 19:00:00";
"2024-11-16 20:00:00";
"2024-11-16 21:00:00";
"2024-11-16 22:00:00";
"2024-11-16 23:00:00";
"2024-11-17 00:00:00";
"2024-11-17 01:00:00";
"2024-11-17 02:00:00";1
"2024-11-17 03:00:00";
"2024-11-17 04:00:00";
"2024-11-17 05:00:00";
"2024-11-17 06:00:00";
"2024-11-17 07:00:00";
"2024-11-17 08:00:00";
"2024-11-17 09:00:00";
"2024-11-17 10:00:00";
"2024-11-17 11:00:00";
"2024-11-17 12:00:00";
"2024-11-17 13:00:00";
"2024-11-17 14:00:00";
"2024-11-17 15:00:00";
"2024-11-17 16:00:00";
"2024-11-17 17:00:00";
"2024-11-17 18:00:00";
"2024-11-17 19:00:00";
"2024-11-17 20:00:00";
"2024-11-17 21:00:00";
"2024-11-17 22:00:00";
"2024-11-17 23:00:00";
"2024-11-18 00:00:00";1
"2024-11-18 01:00:00";
"2024-11-18 02:00:00";
"2024-11-18 03:00:00";
"2024-11-18 04:00:00";
"2024-11-18 05:00:00";
"2024-11-18 06:00:00";
"2024-11-18 07:00:00";
"2024-11-18 08:00:00";
"2024-11-18 09:00:00";
"2024-11-18 10:00:00";
"2024-11-18 11:00:00";
"2024-11-18 12:00:00";
"2024-11-18 13:00:00";
"2024-11-18 14:00:00";
"2024-11-18 15:00:00";
"2024-11-18 16:00:00";
"2024-11-18 17:00:00";
"2024-11-18 18:00:00";
"2024-11-18 19:00:00";
"2024-11-18 20:00:00";
"2024-11-18 21:00:00";
"2024-11-18 22:00:00";
"2024-11-18 23:00:00";
"2024-11-19 00:00:00";
"2024-11-19 01:00:00";
"2024-11-19 02:00:00";
"2024-11-19 03:00:00";
"2024-11-19 04:00:00";
"2024-11-19 05:00:00";
"2024-11-19 06:00:00";
"2024-11-19 07:00:00";
"2024-11-19 08:00:00";
"2024-11-19 09:00:00";
"2024-11-19 10:00:00";
"2024-11-19 11:00:00";
"2024-11-19 12:00:00";
"2024-11-19 13:00:00";
"2024-11-19 14:00:00";
"2024-11-19 15:00:00";
"2024-11-19 16:00:00";
"2024-11-19 17:00:00";
"2024-11-19 18:00:00";
"2024-11-19 19:00:00";
"2024-11-19 20:00:00";
"2024-11-19 21:00:00";
"2024-11-19 22:00:00";
"2024-11-19 23:00:00";
"2024-11-20 00:00:00";
"2024-11-20 01:00:00";
"2024-11-20 02:00:00";
"2024-11-20 03:00:00";
"2024-11-20 04:00:00";
"2024-11-20 05:00:00";
"2024-11-20 06:00:00";
"2024-11-20 07:00:00";
"2024-11-20 08:00:00";
"2024-11-20 09:00:00";
"2024-11-20 10:00:00";
"2024-11-20 11:00:00";
"2024-11-20 12:00:00";
"2024-11-20 13:00:00";
"2024-11-20 14:00:00";
"2024-11-20 15:00:00";
"2024-11-20 16:00:00";
"2024-11-20 17:00:00";
"2024-11-20 18:00:00";
"2024-11-20 19:00:00";
"2024-11-20 20:00:00";
"2024-11-20 21:00:00";
"2024-11-20 22:00:00";
"2024-11-20 23:00:00";
"2024-11-21 00:00:00";
"2024-11-21 01:00:00";
"2024-11-21 02:00:00";
"2024-11-21 03:00:00";
"2024-11-21 04:00:00";
"2024-11-21 05:00:00";
"2024-11-21 06:00:00";
"2024-11-21 07:00:00";
"2024-11-21 08:00:00";
"2024-11-21 09:00:00";
"2024-11-21 10:00:00";
"2024-11-21 11:00:00";
"2024-11-21 12:00:00";
"2024-11-21 13:00:00";
"2024-11-21 14:00:00";
"2024-11-21 15:00:00";
"2024-11-21 16:00:00";
"2024-11-21 17:00:00";
"2024-11-21 18:00:00";
"2024-11-21 19:00:00";
"2024-11-21 20:00:00";
"2024-11-21 21:00:00";
"2024-11-21 22:00:00";
"2024-11-21 23:00:00";
"2024-11-22 00:00:00";
"2024-11-22 01:00:00";
"2024-11-22 02:00:00";
"2024-11-22 03:00:00";
"2024-11-22 04:00:00";
"2024-11-22 05:00:00";
"2024-11-22 06:00:00";
"2024-11-22 07:00:00";
"2024-11-22 08:00:00";
"2024-11-22 09:00:00";
"2024-11-22 10:00:00";
"2024-11-22 11:00:00";
"2024-11-22 12:00:00";
"2024-11-22 13:00:00";
"2024-11-22 14:00:00";
"2024-11-22 15:00:00";
"2024-11-22 16:00:00";
"2024-11-22 17:00:00";
"2024-11-22 18:00:00";
"2024-11-22 19:00:00";
"2024-11-22 20:00:00";
"2024-11-22 21:00:00";
"2024-11-22 22:00:00";
"2024-11-22 23:00:00";
"2024-11-23 00:00:00";
"2024-11-23 01:00:00";
"2024-11-23 02:00:00";
"2024-11-23 03:00:00";
"2024-11-23 04:00:00";
"2024-11-23 05:00:00";
"2024-11-23 06:00:00";
"2024-11-23 07:00:00";
"2024-11-23 08:00:00";
"2024-11-23 09:00:00";1
"2024-11-23 10:00:00";
"2024-11-23 11:00:00";
"2024-11-23 12:00:00";
"2024-11-23 13:00:00";
"2024-11-23 14:00:00";
"2024-11-23 15:00:00";
"2024-11-23 16:00:00";
"2024-11-23 17:00:00";
"2024-11-23 18:00:00";
"2024-11-23 19:00:00";
"2024-11-23 20:00:00";
"2024-11-23 21:00:00";
"2024-11-23 22:00:00";
"2024-11-23 23:00:00";
"2024-11-24 00:00:00";
"2024-11-24 01:00:00";
"2024-11-24 02:00:00";
"2024-11-24 03:00:00";
"2024-11-24 04:00:00";
"2024-11-24 05:00:00";
"2024-11-24 06:00:00";
"2024-11-24 07:00:00";
"2024-11-24 08:00:00";
"2024-11-24 09:00:00";
"2024-11-24 10:00:00";
"2024-11-24 11:00:00";
"2024-11-24 12:00:00";
"2024-11-24 13:00:00";
"2024-11-24 14:00:00";
"2024-11-24 15:00:00";1
"2024-11-24 16:00:00";
"2024-11-24 17:00:00";
"2024-11-24 18:00:00";
"2024-11-24 19:00:00";
"2024-11-24 20:00:00";
"2024-11-24 21:00:00";
"2024-11-24 22:00:00";
"2024-11-24 23:00:00";
"2024-11-25 00:00:00";
"2024-11-25 01:00:00";
"2024-11-25 02:00:00";
"2024-11-25 03:00:00";
"2024-11-25 04:00:00";
"2024-11-25 05:00:00";
"2024-11-25 06:00:00";
"2024-11-25 07:00:00";
"2024-11-25 08:00:00";
"2024-11-25 09:00:00";
"2024-11-25 10:00:00";
"2024-11-25 11:00:00";
"2024-11-25 12:00:00";
"2024-11-25 13:00:00";
"2024-11-25 14:00:00";
"2024-11-25 15:00:00";
"2024-11-25 16:00:00";
"2024-11-25 17:00:00";
"2024-11-25 18:00:00";
"2024-11-25 19:00:00";
"2024-11-25 20:00:00";
"2024-11-25 21:00:00";
"2024-11-25 22:00:00";
"2024-11-25 23:00:00";
"2024-11-26 00:00:00";
"2024-11-26 01:00:00";
"2024-11-26 02:00:00";
"2024-11-26 03:00:00";
"2024-11-26 04:00:00";
"2024-11-26 05:00:00";
"2024-11-26 06:00:00";
"2024-11-26 07:00:00";
"2024-11-26 08:00:00";
"2024-11-26 09:00:00";
"2024-11-26 10:00:00";
"2024-11-26 11:00:00";
"2024-11-26 12:00:00";
"2024-11-26 13:00:00";
"2024-11-26 14:00:00";
"2024-11-26 15:00:00";
"2024-11-26 16:00:00";
"2024-11-26 17:00:00";
"2024-11-26 18:00:00";
"2024-11-26 19:00:00";
"2024-11-26 20:00:00";
"2024-11-26 21:00:00";
"2024-11-26 22:00:00";
"2024-11-26 23:00:00";
"2024-11-27 00:00:00";
"2024-11-27 01:00:00";
"2024-11-27 02:00:00";
"2024-11-27 03:00:00";
"2024-11-27 04:00:00";
"2024-11-27 05:00:00";
"2024-11-27 06:00:00";
"2024-11-27 07:00:00";
"2024-11-27 08:00:00";
"2024-11-27 09:00:00";
"2024-11-27 10:00:00";
"2024-11-27 11:00:00";
"2024-11-27 12:00:00";
"2024-11-27 13:00:00";
"2024-11-27 14:00:00";
"2024-11-27 15:00:00";
"2024-11-27 16:00:00";
"2024-11-27 17:00:00";
"2024-11-27 18:00:00";
"2024-11-27 19:00:00";
"2024-11-27 20:00:00";
"2024-11-27 21:00:00";
"2024-11-27 22:00:00";
"2024-11-27 23:00:00";
"2024-11-28 00:00:00";1
"2024-11-28 01:00:00";
"2024-11-28 02:00:00";
"2024-11-28 03:00:00";
"2024-11-28 04:00:00";
"2024-11-28 05:00:00";
"2024-11-28 06:00:00";
"2024-11-28 07:00:00";
"2024-11-28 08:00:00";
"2024-11-28 09:00:00";
"2024-11-28 10:00:00";
"2024-11-28 11:00:00";
"2024-11-28 12:00:00";
"2024-11-28 13:00:00";
"2024-11-28 14:00:00";
"2024-11-28 15:00:00";
"2024-11-28 16:00:00";
"2024-11-28 17:00:00";
"2024-11-28 18:00:00";
"2024-11-28 19:00:00";
"2024-11-28 20:00:00";
"2024-11-28 21:00:00";
"2024-11-28 22:00:00";
"2024-11-28 23:00:00";
"2024-11-29 00:00:00";
"2024-11-29 01:00:00";
"2024-11-29 02:00:00";
"2024-11-29 03:00:00";
"2024-11-29 04:00:00";
"2024-11-29 05:00:00";
"2024-11-29 06:00:00";
"2024-11-29 07:00:00";
"2024-11-29 08:00:00";
"2024-11-29 09:00:00";
"2024-11-29 10:00:00";
"2024-11-29 10:30:00";
"2024-11-29 10:40:00";
"2024-11-29 10:50:00";
"2024-11-29 11:00:00";
"2024-11-29 11:10:00";
"2024-11-29 11:20:00";
"2024-11-29 11:30:00";
"2024-11-29 11:40:00";
"2024-11-29 11:50:00";
"2024-11-29 12:00:00";
"2024-11-29 12:10:00";
"2024-11-29 12:20:00";
"2024-11-29 12:30:00";
"2024-11-29 12:40:00";
"2024-11-29 12:50:00";
"2024-11-29 13:00:00";
"2024-11-29 13:10:00";
"2024-11-29 13:20:00";
"2024-11-29 13:30:00";
"2024-11-29 13:40:00";
"2024-11-29 13:50:00";
"2024-11-29 14:00:00";
"2024-11-29 14:10:00";
"2024-11-29 14:20:00";
"2024-11-29 14:30:00";
"2024-11-29 14:40:00";
"2024-11-29 14:50:00";
"2024-11-29 15:00:00";
"2024-11-29 15:10:00";
"2024-11-29 15:20:00";
"2024-11-29 15:30:00";
"2024-11-29 15:40:00";
"2024-11-29 15:50:00";
"2024-11-29 16:00:00";
"2024-11-29 16:10:00";
"2024-11-29 16:20:00";
"2024-11-29 16:30:00";
"2024-11-29 16:40:00";
"2024-11-29 16:50:00";
"2024-11-29 17:00:00";
"2024-11-29 17:10:00";
"2024-11-29 17:20:00";
"2024-11-29 17:30:00";
"2024-11-29 17:40:00";
"2024-11-29 17:50:00";
"2024-11-29 18:00:00";
"2024-11-29 18:10:00";
"2024-11-29 18:20:00";
"2024-11-29 18:30:00";
"2024-11-29 18:40:00";
"2024-11-29 18:50:00";
"2024-11-29 19:00:00";
"2024-11-29 19:10:00";
"2024-11-29 19:20:00";
"2024-11-29 19:30:00";
"2024-11-29 19:40:00";
"2024-11-29 19:50:00";
"2024-11-29 20:00:00";
"2024-11-29 20:10:00";
"2024-11-29 20:20:00";
"2024-11-29 20:30:00";
"2024-11-29 20:40:00";
"2024-11-29 20:50:00";
"2024-11-29 21:00:00";
"2024-11-29 21:10:00";
"2024-11-29 21:20:00";
"2024-11-29 21:30:00";
"2024-11-29 21:40:00";
"2024-11-29 21:50:00";
"2024-11-29 22:00:00";
"2024-11-29 22:10:00";
"2024-11-29 22:20:00";
"2024-11-29 22:30:00";
"2024-11-29 22:40:00";
"2024-11-29 22:50:00";
"2024-11-29 23:00:00";
"2024-11-29 23:10:00";
"2024-11-29 23:20:00";
"2024-11-29 23:30:00";
"2024-11-29 23:40:00";
"2024-11-29 23:50:00";
"2024-11-30 00:00:00";
"2024-11-30 00:10:00";
"2024-11-30 00:20:00";
"2024-11-30 00:30:00";
"2024-11-30 00:40:00";
"2024-11-30 00:50:00";
"2024-11-30 01:00:00";
"2024-11-30 01:10:00";
"2024-11-30 01:20:00";
"2024-11-30 01:30:00";
"2024-11-30 01:40:00";
"2024-11-30 01:50:00";
"2024-11-30 02:00:00";
"2024-11-30 02:10:00";
"2024-11-30 02:20:00";
"2024-11-30 02:30:00";
"2024-11-30 02:40:00";
"2024-11-30 02:50:00";
"2024-11-30 03:00:00";
"2024-11-30 03:10:00";
"2024-11-30 03:20:00";
"2024-11-30 03:30:00";
"2024-11-30 03:40:00";
"2024-11-30 03:50:00";
"2024-11-30 04:00:00";
"2024-11-30 04:10:00";
"2024-11-30 04:20:00";
"2024-11-30 04:30:00";
"2024-11-30 04:40:00";
"2024-11-30 04:50:00";
"2024-11-30 05:00:00";
"2024-11-30 05:10:00";
"2024-11-30 05:20:00";
"2024-11-30 05:30:00";
"2024-11-30 05:40:00";
"2024-11-30 05:50:00";
"2024-11-30 06:00:00";
"2024-11-30 06:10:00";
"2024-11-30 06:20:00";
"2024-11-30 06:30:00";
"2024-11-30 06:40:00";
"2024-11-30 06:50:00";
"2024-11-30 07:00:00";
"2024-11-30 07:10:00";
"2024-11-30 07:20:00";
"2024-11-30 07:30:00";
"2024-11-30 07:40:00";
"2024-11-30 07:50:00";
"2024-11-30 08:00:00";
"2024-11-30 08:10:00";
"2024-11-30 08:20:00";
"2024-11-30 08:30:00";
"2024-11-30 08:40:00";
"2024-11-30 08:50:00";
"2024-11-30 09:00:00";
"2024-11-30 09:10:00";
"2024-11-30 09:20:00";
"2024-11-30 09:30:00";
"2024-11-30 09:40:00";
"2024-11-30 09:50:00";
"2024-11-30 10:00:00";
"2024-11-30 10:10:00";
"2024-11-30 10:20:00";
"2024-11-30 10:30:00";
"2024-11-30 10:40:00";
"2024-11-30 10:50:00";
"2024-11-30 11:00:00";
"2024-11-30 11:10:00";
"2024-11-30 11:20:00";
"2024-11-30 11:30:00";
"2024-11-30 11:40:00";
"2024-11-30 11:50:00";
"2024-11-30 12:00:00";
"2024-11-30 12:10:00";
"2024-11-30 12:20:00";
"2024-11-30 12:30:00";
"2024-11-30 12:40:00";
"2024-11-30 12:50:00";
"2024-11-30 13:00:00";
"2024-11-30 13:10:00";
"2024-11-30 13:20:00";
"2024-11-30 13:30:00";
"2024-11-30 13:40:00";
"2024-11-30 13:50:00";
"2024-11-30 14:00:00";
"2024-11-30 14:10:00";
"2024-11-30 14:20:00";
"2024-11-30 14:30:00";
"2024-11-30 14:40:00";
"2024-11-30 14:50:00";
"2024-11-30 15:00:00";
"2024-11-30 15:10:00";
"2024-11-30 15:20:00";
"2024-11-30 15:30:00";
"2024-11-30 15:40:00";
"2024-11-30 15:50:00";
"2024-11-30 16:00:00";
"2024-11-30 16:10:00";
"2024-11-30 16:20:00";
"2024-11-30 16:30:00";
"2024-11-30 16:40:00";
"2024-11-30 16:50:00";
"2024-11-30 17:00:00";
"2024-11-30 17:10:00";
"2024-11-30 17:20:00";
"2024-11-30 17:30:00";
"2024-11-30 17:40:00";
"2024-11-30 17:50:00";
"2024-11-30 18:00:00";
"2024-11-30 18:10:00";
"2024-11-30 18:20:00";
"2024-11-30 18:30:00";
"2024-11-30 18:40:00";
"2024-11-30 18:50:00";
"2024-11-30 19:00:00";
"2024-11-30 19:10:00";
"2024-11-30 19:20:00";
"2024-11-30 19:30:00";
"2024-11-30 19:40:00";
"2024-11-30 19:50:00";
"2024-11-30 20:00:00";
"2024-11-30 20:10:00";
"2024-11-30 20:20:00";
"2024-11-30 20:30:00";
"2024-11-30 20:40:00";
"2024-11-30 20:50:00";
"2024-11-30 21:00:00";
"2024-11-30 21:10:00";
"2024-11-30 21:20:00";
"2024-11-30 21:30:00";
"2024-11-30 21:40:00";
"2024-11-30 21:50:00";
"2024-11-30 22:00:00";
"2024-11-30 22:10:00";
"2024-11-30 22:20:00";
"2024-11-30 22:30:00";
"2024-11-30 22:40:00";
"2024-11-30 22:50:00";
"2024-11-30 23:00:00";
"2024-11-30 23:10:00";
"2024-11-30 23:20:00";
"2024-11-30 23:30:00";
"2024-11-30 23:40:00";
"2024-11-30 23:50:00";
"2024-12-01 00:00:00";
"2024-12-01 00:10:00";
"2024-12-01 00:20:00";
"2024-12-01 00:30:00";
"2024-12-01 00:40:00";
"2024-12-01 00:50:00";
"2024-12-01 01:00:00";
"2024-12-01 01:10:00";
"2024-12-01 01:20:00";
"2024-12-01 01:30:00";
"2024-12-01 01:40:00";
"2024-12-01 01:50:00";
"2024-12-01 02:00:00";
"2024-12-01 02:10:00";
"2024-12-01 02:20:00";
"2024-12-01 02:30:00";
"2024-12-01 02:40:00";
"2024-12-01 02:50:00";
"2024-12-01 03:00:00";
"2024-12-01 03:10:00";
"2024-12-01 03:20:00";
"2024-12-01 03:30:00";
"2024-12-01 03:40:00";
"2024-12-01 03:50:00";
"2024-12-01 04:00:00";
"2024-12-01 04:10:00";
"2024-12-01 04:20:00";
"2024-12-01 04:30:00";
"2024-12-01 04:40:00";
"2024-12-01 04:50:00";
"2024-12-01 05:00:00";
"2024-12-01 05:10:00";
"2024-12-01 05:20:00";
"2024-12-01 05:30:00";
"2024-12-01 05:40:00";
"2024-12-01 05:50:00";
"2024-12-01 06:00:00";
"2024-12-01 06:10:00";
"2024-12-01 06:20:00";
"2024-12-01 06:30:00";
"2024-12-01 06:40:00";
"2024-12-01 06:50:00";
"2024-12-01 07:00:00";
"2024-12-01 07:10:00";
"2024-12-01 07:20:00";
"2024-12-01 07:30:00";
"2024-12-01 07:40:00";
"2024-12-01 07:50:00";
"2024-12-01 08:00:00";
"2024-12-01 08:10:00";
"2024-12-01 08:20:00";
"2024-12-01 08:30:00";
"2024-12-01 08:40:00";
"2024-12-01 08:50:00";
"2024-12-01 09:00:00";
"2024-12-01 09:10:00";
"2024-12-01 09:20:00";
"2024-12-01 09:30:00";
"2024-12-01 09:40:00";
"2024-12-01 09:50:00";
"2024-12-01 10:00:00";
"2024-12-01 10:10:00";
"2024-12-01 10:20:00";
"2024-12-01 10:30:00";
"2024-12-01 10:40:00";
"2024-12-01 10:50:00";
"2024-12-01 11:00:00";
"2024-12-01 11:10:00";
"2024-12-01 11:20:00";
"2024-12-01 11:30:00";
"2024-12-01 11:40:00";
"2024-12-01 11:50:00";
"2024-12-01 12:00:00";
"2024-12-01 12:10:00";
"2024-12-01 12:20:00";
"2024-12-01 12:30:00";1
"2024-12-01 12:40:00";
"2024-12-01 12:50:00";
"2024-12-01 13:00:00";
"2024-12-01 13:10:00";
"2024-12-01 13:20:00";
"2024-12-01 13:30:00";
"2024-12-01 13:40:00";
"2024-12-01 13:50:00";
"2024-12-01 14:00:00";
"2024-12-01 14:10:00";
"2024-12-01 14:20:00";1
"2024-12-01 14:30:00";1
"2024-12-01 14:40:00";1
"2024-12-01 14:50:00";1
"2024-12-01 15:00:00";1
"2024-12-01 15:10:00";1
"2024-12-01 15:20:00";1
"2024-12-01 15:30:00";
"2024-12-01 15:40:00";
"2024-12-01 15:50:00";
"2024-12-01 16:00:00";
"2024-12-01 16:10:00";
"2024-12-01 16:20:00";
"2024-12-01 16:30:00";
"2024-12-01 16:40:00";
"2024-12-01 16:50:00";
"2024-12-01 17:00:00";
"2024-12-01 17:10:00";
"2024-12-01 17:20:00";
"2024-12-01 17:30:00";
"2024-12-01 17:40:00";
"2024-12-01 17:50:00";
"2024-12-01 18:00:00";
"2024-12-01 18:10:00";
"2024-12-01 18:20:00";
"2024-12-01 18:30:00";
"2024-12-01 18:40:00";
"2024-12-01 18:50:00";
"2024-12-01 19:00:00";
"2024-12-01 19:10:00";
"2024-12-01 19:20:00";
"2024-12-01 19:30:00";
"2024-12-01 19:40:00";
"2024-12-01 19:50:00";
"2024-12-01 20:00:00";
"2024-12-01 20:10:00";
"2024-12-01 20:20:00";
"2024-12-01 20:30:00";
"2024-12-01 20:40:00";
"2024-12-01 20:50:00";
"2024-12-01 21:00:00";
"2024-12-01 21:10:00";
"2024-12-01 21:20:00";
"2024-12-01 21:30:00";
"2024-12-01 21:40:00";
"2024-12-01 21:50:00";
"2024-12-01 22:00:00";
"2024-12-01 22:10:00";
"2024-12-01 22:20:00";
"2024-12-01 22:30:00";
"2024-12-01 22:40:00";
"2024-12-01 22:50:00";
"2024-12-01 23:00:00";
"2024-12-01 23:10:00";
"2024-12-01 23:20:00";
"2024-12-01 23:30:00";
"2024-12-01 23:40:00";
"2024-12-01 23:50:00";
"2024-12-02 00:00:00";
"2024-12-02 00:10:00";
"2024-12-02 00:20:00";
"2024-12-02 00:30:00";
"2024-12-02 00:40:00";
"2024-12-02 00:50:00";
"2024-12-02 01:00:00";
"2024-12-02 01:10:00";
"2024-12-02 01:20:00";
"2024-12-02 01:30:00";
"2024-12-02 01:40:00";
"2024-12-02 01:50:00";
"2024-12-02 02:00:00";
"2024-12-02 02:10:00";
"2024-12-02 02:20:00";
"2024-12-02 02:30:00";
"2024-12-02 02:40:00";
"2024-12-02 02:50:00";
"2024-12-02 03:00:00";
"2024-12-02 03:10:00";
"2024-12-02 03:20:00";
"2024-12-02 03:30:00";
"2024-12-02 03:40:00";
"2024-12-02 03:50:00";
"2024-12-02 04:00:00";
"2024-12-02 04:10:00";
"2024-12-02 04:20:00";
"2024-12-02 04:30:00";
"2024-12-02 04:40:00";
"2024-12-02 04:50:00";
"2024-12-02 05:00:00";
"2024-12-02 05:10:00";
"2024-12-02 05:20:00";
"2024-12-02 05:30:00";
"2024-12-02 05:40:00";
"2024-12-02 05:50:00";
"2024-12-02 06:00:00";
"2024-12-02 06:10:00";
"2024-12-02 06:20:00";
"2024-12-02 06:30:00";
"2024-12-02 06:40:00";
"2024-12-02 06:50:00";
"2024-12-02 07:00:00";
"2024-12-02 07:10:00";
"2024-12-02 07:20:00";
"2024-12-02 07:30:00";
"2024-12-02 07:40:00";
"2024-12-02 07:50:00";
"2024-12-02 08:00:00";
"2024-12-02 08:10:00";
"2024-12-02 08:20:00";
"2024-12-02 08:30:00";
"2024-12-02 08:40:00";
"2024-12-02 08:50:00";
"2024-12-02 09:00:00";
"2024-12-02 09:10:00";
"2024-12-02 09:20:00";
"2024-12-02 09:30:00";
"2024-12-02 09:40:00";
"2024-12-02 09:50:00";
"2024-12-02 10:00:00";
"2024-12-02 10:10:00";
"2024-12-02 10:20:00";
"2024-12-02 10:30:00";
"2024-12-02 10:40:00";
"2024-12-02 10:50:00";
"2024-12-02 11:00:00";
"2024-12-02 11:10:00";
"2024-12-02 11:20:00";
"2024-12-02 11:30:00";
"2024-12-02 11:40:00";
"2024-12-02 11:50:00";
"2024-12-02 12:00:00";
"2024-12-02 12:10:00";
"2024-12-02 12:20:00";
"2024-12-02 12:30:00";
"2024-12-02 12:40:00";
"2024-12-02 12:50:00";
"2024-12-02 13:00:00";
"2024-12-02 13:10:00";
"2024-12-02 13:20:00";
"2024-12-02 13:30:00";
"2024-12-02 13:40:00";
"2024-12-02 13:50:00";
"2024-12-02 14:00:00";
"2024-12-02 14:10:00";
"2024-12-02 14:20:00";
"2024-12-02 14:30:00";
"2024-12-02 14:40:00";
"2024-12-02 14:50:00";
"2024-12-02 15:00:00";
"2024-12-02 15:10:00";
"2024-12-02 15:20:00";
"2024-12-02 15:30:00";
"2024-12-02 15:40:00";
"2024-12-02 15:50:00";
"2024-12-02 16:00:00";
"2024-12-02 16:10:00";
"2024-12-02 16:20:00";
"2024-12-02 16:30:00";
"2024-12-02 16:40:00";
"2024-12-02 16:50:00";
"2024-12-02 17:00:00";
"2024-12-02 17:10:00";
"2024-12-02 17:20:00";
"2024-12-02 17:30:00";
"2024-12-02 17:40:00";
"2024-12-02 17:50:00";
"2024-12-02 18:00:00";
"2024-12-02 18:10:00";
"2024-12-02 18:20:00";
"2024-12-02 18:30:00";
"2024-12-02 18:40:00";
"2024-12-02 18:50:00";
"2024-12-02 19:00:00";
"2024-12-02 19:10:00";
"2024-12-02 19:20:00";
"2024-12-02 19:30:00";
"2024-12-02 19:40:00";
"2024-12-02 19:50:00";
"2024-12-02 20:00:00";
"2024-12-02 20:10:00";
"2024-12-02 20:20:00";
"2024-12-02 20:30:00";
"2024-12-02 20:40:00";
"2024-12-02 20:50:00";
"2024-12-02 21:00:00";
"2024-12-02 21:10:00";
"2024-12-02 21:20:00";
"2024-12-02 21:30:00";
"2024-12-02 21:40:00";
"2024-12-02 21:50:00";
"2024-12-02 22:00:00";
"2024-12-02 22:10:00";
"2024-12-02 22:20:00";
"2024-12-02 22:30:00";
"2024-12-02 22:40:00";
"2024-12-02 22:50:00";
"2024-12-02 23:00:00";
"2024-12-02 23:10:00";
"2024-12-02 23:20:00";
"2024-12-02 23:30:00";
"2024-12-02 23:40:00";
"2024-12-02 23:50:00";
"2024-12-03 00:00:00";
"2024-12-03 00:10:00";
"2024-12-03 00:20:00";
"2024-12-03 00:30:00";
"2024-12-03 00:40:00";
"2024-12-03 00:50:00";
"2024-12-03 01:00:00";
"2024-12-03 01:10:00";
"2024-12-03 01:20:00";
"2024-12-03 01:30:00";
"2024-12-03 01:40:00";
"2024-12-03 01:50:00";1
"2024-12-03 02:00:00";
"2024-12-03 02:10:00";
"2024-12-03 02:20:00";
"2024-12-03 02:30:00";
"2024-12-03 02:40:00";
"2024-12-03 02:50:00";
"2024-12-03 03:00:00";
"2024-12-03 03:10:00";
"2024-12-03 03:20:00";
"2024-12-03 03:30:00";
"2024-12-03 03:40:00";
"2024-12-03 03:50:00";
"2024-12-03 04:00:00";
"2024-12-03 04:10:00";
"2024-12-03 04:20:00";
"2024-12-03 04:30:00";
"2024-12-03 04:40:00";
"2024-12-03 04:50:00";
"2024-12-03 05:00:00";
"2024-12-03 05:10:00";
"2024-12-03 05:20:00";
"2024-12-03 05:30:00";
"2024-12-03 05:40:00";
"2024-12-03 05:50:00";
"2024-12-03 06:00:00";
"2024-12-03 06:10:00";
"2024-12-03 06:20:00";
"2024-12-03 06:30:00";
"2024-12-03 06:40:00";
"2024-12-03 06:50:00";
"2024-12-03 07:00:00";
"2024-12-03 07:10:00";
"2024-12-03 07:20:00";
"2024-12-03 07:30:00";
"2024-12-03 07:40:00";
"2024-12-03 07:50:00";
"2024-12-03 08:00:00";
"2024-12-03 08:10:00";
"2024-12-03 08:20:00";
"2024-12-03 08:30:00";
"2024-12-03 08:40:00";
"2024-12-03 08:50:00";
"2024-12-03 09:00:00";
"2024-12-03 09:10:00";
"2024-12-03 09:20:00";
"2024-12-03 09:30:00";
"2024-12-03 09:40:00";
"2024-12-03 09:50:00";
"2024-12-03 10:00:00";
"2024-12-03 10:10:00";
"2024-12-03 10:20:00";
"2024-12-03 10:30:00";
"2024-12-03 10:40:00";
"2024-12-03 10:50:00";
"2024-12-03 11:00:00";
"2024-12-03 11:10:00";
"2024-12-03 11:20:00";
"2024-12-03 11:30:00";
"2024-12-03 11:40:00";
"2024-12-03 11:50:00";
"2024-12-03 12:00:00";
"2024-12-03 12:10:00";
"2024-12-03 12:20:00";
"2024-12-03 12:30:00";
"2024-12-03 12:40:00";
"2024-12-03 12:50:00";
"2024-12-03 13:00:00";
"2024-12-03 13:10:00";
"2024-12-03 13:20:00";
"2024-12-03 13:30:00";
"2024-12-03 13:40:00";
"2024-12-03 13:50:00";
"2024-12-03 14:00:00";
"2024-12-03 14:10:00";
"2024-12-03 14:20:00";
"2024-12-03 14:30:00";
"2024-12-03 14:40:00";
"2024-12-03 14:50:00";
"2024-12-03 15:00:00";
"2024-12-03 15:10:00";
"2024-12-03 15:20:00";
"2024-12-03 15:30:00";
"2024-12-03 15:40:00";
"2024-12-03 15:50:00";
"2024-12-03 16:00:00";
"2024-12-03 16:10:00";
"2024-12-03 16:20:00";
"2024-12-03 16:30:00";
"2024-12-03 16:40:00";
"2024-12-03 16:50:00";
"2024-12-03 17:00:00";
"2024-12-03 17:10:00";
"2024-12-03 17:20:00";
"2024-12-03 17:30:00";
"2024-12-03 17:40:00";
"2024-12-03 17:50:00";
"2024-12-03 18:00:00";
"2024-12-03 18:10:00";
"2024-12-03 18:20:00";
"2024-12-03 18:30:00";
"2024-12-03 18:40:00";
"2024-12-03 18:50:00";
"2024-12-03 19:00:00";
"2024-12-03 19:10:00";
"2024-12-03 19:20:00";
"2024-12-03 19:30:00";
"2024-12-03 19:40:00";
"2024-12-03 19:50:00";
"2024-12-03 20:00:00";
"2024-12-03 20:10:00";
"2024-12-03 20:20:00";
"2024-12-03 20:30:00";
"2024-12-03 20:40:00";
"2024-12-03 20:50:00";
"2024-12-03 21:00:00";
"2024-12-03 21:10:00";
"2024-12-03 21:20:00";
"2024-12-03 21:30:00";
"2024-12-03 21:40:00";
"2024-12-03 21:50:00";
"2024-12-03 22:00:00";
"2024-12-03 22:10:00";
"2024-12-03 22:20:00";
"2024-12-03 22:30:00";
"2024-12-03 22:40:00";
"2024-12-03 22:50:00";
"2024-12-03 23:00:00";
"2024-12-03 23:10:00";
"2024-12-03 23:20:00";
"2024-12-03 23:30:00";
"2024-12-03 23:40:00";
"2024-12-03 23:50:00";
"2024-12-04 00:00:00";
"2024-12-04 00:10:00";
"2024-12-04 00:20:00";
"2024-12-04 00:30:00";
"2024-12-04 00:40:00";
"2024-12-04 00:50:00";
"2024-12-04 01:00:00";
"2024-12-04 01:10:00";
"2024-12-04 01:20:00";
"2024-12-04 01:30:00";
"2024-12-04 01:40:00";
"2024-12-04 01:50:00";
"2024-12-04 02:00:00";
"2024-12-04 02:10:00";
"2024-12-04 02:20:00";
"2024-12-04 02:30:00";
"2024-12-04 02:40:00";
"2024-12-04 02:50:00";
"2024-12-04 03:00:00";
"2024-12-04 03:10:00";
"2024-12-04 03:20:00";
"2024-12-04 03:30:00";
"2024-12-04 03:40:00";
"2024-12-04 03:50:00";
"2024-12-04 04:00:00";
"2024-12-04 04:10:00";
"2024-12-04 04:20:00";
"2024-12-04 04:30:00";
"2024-12-04 04:40:00";
"2024-12-04 04:50:00";
"2024-12-04 05:00:00";
"2024-12-04 05:10:00";
"2024-12-04 05:20:00";
"2024-12-04 05:30:00";
"2024-12-04 05:40:00";
"2024-12-04 05:50:00";
"2024-12-04 06:00:00";
"2024-12-04 06:10:00";
"2024-12-04 06:20:00";
"2024-12-04 06:30:00";
"2024-12-04 06:40:00";
"2024-12-04 06:50:00";
"2024-12-04 07:00:00";
"2024-12-04 07:10:00";
"2024-12-04 07:20:00";
"2024-12-04 07:30:00";
"2024-12-04 07:40:00";
"2024-12-04 07:50:00";
"2024-12-04 08:00:00";
"2024-12-04 08:10:00";
"2024-12-04 08:20:00";
"2024-12-04 08:30:00";
"2024-12-04 08:40:00";
"2024-12-04 08:50:00";
"2024-12-04 09:00:00";
"2024-12-04 09:10:00";
"2024-12-04 09:20:00";
"2024-12-04 09:30:00";
"2024-12-04 09:40:00";
"2024-12-04 09:50:00";
"2024-12-04 10:00:00";
"2024-12-04 10:10:00";
"2024-12-04 10:20:00";
"2024-12-04 10:30:00";
"2024-12-04 10:40:00";
"2024-12-04 10:50:00";
"2024-12-04 11:00:00";
"2024-12-04 11:10:00";
"2024-12-04 11:20:00";
"2024-12-04 11:30:00";
"2024-12-04 11:40:00";
"2024-12-04 11:50:00";
"2024-12-04 12:00:00";
"2024-12-04 12:10:00";
"2024-12-04 12:20:00";
"2024-12-04 12:30:00";
"2024-12-04 12:40:00";
"2024-12-04 12:50:00";
"2024-12-04 13:00:00";
"2024-12-04 13:10:00";
"2024-12-04 13:20:00";
"2024-12-04 13:30:00";
"2024-12-04 13:40:00";
"2024-12-04 13:50:00";
"2024-12-04 14:00:00";
"2024-12-04 14:10:00";
"2024-12-04 14:20:00";
"2024-12-04 14:30:00";
"2024-12-04 14:40:00";
"2024-12-04 14:50:00";
"2024-12-04 15:00:00";
"2024-12-04 15:10:00";
"2024-12-04 15:20:00";
"2024-12-04 15:30:00";
"2024-12-04 15:40:00";
"2024-12-04 15:50:00";
"2024-12-04 16:00:00";
"2024-12-04 16:10:00";
"2024-12-04 16:20:00";
"2024-12-04 16:30:00";
"2024-12-04 16:40:00";
"2024-12-04 16:50:00";
"2024-12-04 17:00:00";
"2024-12-04 17:10:00";
"2024-12-04 17:20:00";
"2024-12-04 17:30:00";
"2024-12-04 17:40:00";
"2024-12-04 17:50:00";
"2024-12-04 18:00:00";
"2024-12-04 18:10:00";
"2024-12-04 18:20:00";
"2024-12-04 18:30:00";
"2024-12-04 18:40:00";
"2024-12-04 18:50:00";
"2024-12-04 19:00:00";
"2024-12-04 19:10:00";
"2024-12-04 19:20:00";
"2024-12-04 19:30:00";
"2024-12-04 19:40:00";
"2024-12-04 19:50:00";
"2024-12-04 20:00:00";
"2024-12-04 20:10:00";
"2024-12-04 20:20:00";
"2024-12-04 20:30:00";
"2024-12-04 20:40:00";
"2024-12-04 20:50:00";
"2024-12-04 21:00:00";
"2024-12-04 21:10:00";
"2024-12-04 21:20:00";
"2024-12-04 21:30:00";
"2024-12-04 21:40:00";
"2024-12-04 21:50:00";
"2024-12-04 22:00:00";
"2024-12-04 22:10:00";
"2024-12-04 22:20:00";
"2024-12-04 22:30:00";
"2024-12-04 22:40:00";
"2024-12-04 22:50:00";
"2024-12-04 23:00:00";
"2024-12-04 23:10:00";
"2024-12-04 23:20:00";
"2024-12-04 23:30:00";
"2024-12-04 23:40:00";
"2024-12-04 23:50:00";
"2024-12-05 00:00:00";
"2024-12-05 00:10:00";
"2024-12-05 00:20:00";
"2024-12-05 00:30:00";
"2024-12-05 00:40:00";
"2024-12-05 00:50:00";
"2024-12-05 01:00:00";
"2024-12-05 01:10:00";
"2024-12-05 01:20:00";
"2024-12-05 01:30:00";
"2024-12-05 01:40:00";
"2024-12-05 01:50:00";
"2024-12-05 02:00:00";
"2024-12-05 02:10:00";
"2024-12-05 02:20:00";
"2024-12-05 02:30:00";
"2024-12-05 02:40:00";
"2024-12-05 02:50:00";
"2024-12-05 03:00:00";
"2024-12-05 03:10:00";
"2024-12-05 03:20:00";
"2024-12-05 03:30:00";
"2024-12-05 03:40:00";
"2024-12-05 03:50:00";
"2024-12-05 04:00:00";
"2024-12-05 04:10:00";
"2024-12-05 04:20:00";
"2024-12-05 04:30:00";
"2024-12-05 04:40:00";
"2024-12-05 04:50:00";
"2024-12-05 05:00:00";
"2024-12-05 05:10:00";
"2024-12-05 05:20:00";
"2024-12-05 05:30:00";
"2024-12-05 05:40:00";
"2024-12-05 05:50:00";
"2024-12-05 06:00:00";
"2024-12-05 06:10:00";
"2024-12-05 06:20:00";
"2024-12-05 06:30:00";
"2024-12-05 06:40:00";
"2024-12-05 06:50:00";
"2024-12-05 07:00:00";
"2024-12-05 07:10:00";
"2024-12-05 07:20:00";
"2024-12-05 07:30:00";
"2024-12-05 07:40:00";
"2024-12-05 07:50:00";
"2024-12-05 08:00:00";
"2024-12-05 08:10:00";
"2024-12-05 08:20:00";
"2024-12-05 08:30:00";
"2024-12-05 08:40:00";
"2024-12-05 08:50:00";
"2024-12-05 09:00:00";
"2024-12-05 09:10:00";
"2024-12-05 09:20:00";
"2024-12-05 09:30:00";
"2024-12-05 09:40:00";
"2024-12-05 09:50:00";
"2024-12-05 10:00:00";
"2024-12-05 10:10:00";
"2024-12-05 10:20:00";
"2024-12-05 10:30:00";
"2024-12-05 10:40:00";
"2024-12-05 10:50:00";
"2024-12-05 11:00:00";
"2024-12-05 11:10:00";
"2024-12-05 11:20:00";
"2024-12-05 11:30:00";
"2024-12-05 11:40:00";
"2024-12-05 11:50:00";
"2024-12-05 12:00:00";
"2024-12-05 12:10:00";
"2024-12-05 12:20:00";
"2024-12-05 12:30:00";
"2024-12-05 12:40:00";
"2024-12-05 12:50:00";
"2024-12-05 13:00:00";
"2024-12-05 13:10:00";
"2024-12-05 13:20:00";
"2024-12-05 13:30:00";
"2024-12-05 13:40:00";
"2024-12-05 13:50:00";
"2024-12-05 14:00:00";
"2024-12-05 14:10:00";
"2024-12-05 14:20:00";
"2024-12-05 14:30:00";
"2024-12-05 14:40:00";
"2024-12-05 14:50:00";
"2024-12-05 15:00:00";
"2024-12-05 15:10:00";
"2024-12-05 15:20:00";
"2024-12-05 15:30:00";
"2024-12-05 15:40:00";
"2024-12-05 15:50:00";
"2024-12-05 16:00:00";
"2024-12-05 16:10:00";
"2024-12-05 16:20:00";
"2024-12-05 16:30:00";
"2024-12-05 16:40:00";
"2024-12-05 16:50:00";
"2024-12-05 17:00:00";
"2024-12-05 17:10:00";
"2024-12-05 17:20:00";
"2024-12-05 17:30:00";
"2024-12-05 17:40:00";
"2024-12-05 17:50:00";
"2024-12-05 18:00:00";
"2024-12-05 18:10:00";
"2024-12-05 18:20:00";
"2024-12-05 18:30:00";
"2024-12-05 18:40:00";
"2024-12-05 18:50:00";
"2024-12-05 19:00:00";
"2024-12-05 19:10:00";
"2024-12-05 19:20:00";
"2024-12-05 19:30:00";
"2024-12-05 19:40:00";
"2024-12-05 19:50:00";
"2024-12-05 20:00:00";
"2024-12-05 20:10:00";
"2024-12-05 20:20:00";
"2024-12-05 20:30:00";
"2024-12-05 20:40:00";
"2024-12-05 20:50:00";
"2024-12-05 21:00:00";
"2024-12-05 21:10:00";
"2024-12-05 21:20:00";
"2024-12-05 21:30:00";
"2024-12-05 21:40:00";
"2024-12-05 21:50:00";
"2024-12-05 22:00:00";1
"2024-12-05 22:10:00";
"2024-12-05 22:20:00";
"2024-12-05 22:30:00";
"2024-12-05 22:40:00";
"2024-12-05 22:50:00";
"2024-12-05 23:00:00";
"2024-12-05 23:10:00";
"2024-12-05 23:20:00";
"2024-12-05 23:30:00";
"2024-12-05 23:40:00";
"2024-12-05 23:50:00";
"2024-12-06 00:00:00";
"2024-12-06 00:10:00";
"2024-12-06 00:20:00";
"2024-12-06 00:30:00";
"2024-12-06 00:40:00";
"2024-12-06 00:50:00";
"2024-12-06 01:00:00";
"2024-12-06 01:10:00";
"2024-12-06 01:20:00";
"2024-12-06 01:30:00";
"2024-12-06 01:40:00";
"2024-12-06 01:50:00";
"2024-12-06 02:00:00";
"2024-12-06 02:10:00";
"2024-12-06 02:20:00";
"2024-12-06 02:30:00";
"2024-12-06 02:40:00";
"2024-12-06 02:50:00";
"2024-12-06 03:00:00";
"2024-12-06 03:10:00";
"2024-12-06 03:20:00";
"2024-12-06 03:30:00";
"2024-12-06 03:40:00";
"2024-12-06 03:50:00";
"2024-12-06 04:00:00";
"2024-12-06 04:10:00";
"2024-12-06 04:20:00";
"2024-12-06 04:30:00";
"2024-12-06 04:40:00";
"2024-12-06 04:50:00";
"2024-12-06 05:00:00";
"2024-12-06 05:10:00";
"2024-12-06 05:20:00";
"2024-12-06 05:30:00";
"2024-12-06 05:40:00";
"2024-12-06 05:50:00";
"2024-12-06 06:00:00";
"2024-12-06 06:10:00";
"2024-12-06 06:20:00";
"2024-12-06 06:30:00";
"2024-12-06 06:40:00";
"2024-12-06 06:50:00";
"2024-12-06 07:00:00";
"2024-12-06 07:10:00";
"2024-12-06 07:20:00";
"2024-12-06 07:30:00";
"2024-12-06 07:40:00";
"2024-12-06 07:50:00";
"2024-12-06 08:00:00";
"2024-12-06 08:10:00";
"2024-12-06 08:20:00";
"2024-12-06 08:30:00";
"2024-12-06 08:40:00";
"2024-12-06 08:50:00";
"2024-12-06 09:00:00";
"2024-12-06 09:10:00";
"2024-12-06 09:20:00";
"2024-12-06 09:30:00";
"2024-12-06 09:40:00";
"2024-12-06 09:50:00";
"2024-12-06 10:00:00";
"2024-12-06 10:10:00";
"2024-12-06 10:20:00";